epoch,accuracy,loss,val_accuracy,val_loss
0,0.9738274812698364,0.07711513340473175,0.9466618299484253,0.20429064333438873
